vehicle_index,space,time,speed,speed_diff
1120.0,0.04,4480.0,49.47311535477638,
1120.0,0.05353562288112137,4481.0,48.21794506195985,1.2551702928165298
1120.0,0.06683418637404114,4482.0,47.67722665691588,0.5407184050439753
1120.0,0.08015514856540022,4483.0,48.383786993870025,0.7065603369541478
1120.0,0.0936080960943433,4484.0,48.25117016442565,0.13261682944437325
1120.0,0.1070806552542234,4485.0,49.19982093990393,0.9486507754782778
1120.0,0.12093316515248587,4486.0,50.1973299996425,0.9975090597385687
1120.0,0.13482528380366712,4487.0,49.62077947423513,0.5765505254073702
1120.0,0.14828297502762555,4488.0,47.14445745359001,2.476322020645121
1120.0,0.16117831074061514,4489.0,45.994416927612676,1.1500405259773316
1120.0,0.1739294586444112,4490.0,45.8030986507255,0.1913182768871735
1120.0,0.18661755027446283,4491.0,45.4772559587102,0.3258426920152999
1120.0,0.1991761814432811,4492.0,44.98512909539185,0.4921268633183544
1120.0,0.21176131471884396,4493.0,46.16601007455716,1.180880979165309
1120.0,0.2255553024067759,4494.0,52.865756801876465,6.699746727319308
1120.0,0.23887746868008614,4495.0,38.94170157432264,13.924055227553822
1120.0,0.24831272165092466,4496.0,32.8694173218587,6.072284252463945
1120.0,0.25877886469200745,4497.0,43.29971374107858,10.430296419219879
1120.0,0.2714588204134968,4498.0,45.508577052948034,2.2088633118694574
1120.0,0.2833699649603467,4499.0,40.23323498619031,5.275342066757723
1120.0,0.294090443698105,4500.0,37.740072778000275,2.4931622081900358
1120.0,0.3045755934054242,4501.0,37.634114828218216,0.1059579497820593
1120.0,0.31472448272357934,4502.0,34.8456525000776,2.788462328140618
1120.0,0.32377039956623177,4503.0,30.17410886937658,4.6715436307010165
1120.0,0.33150152267115096,4504.0,25.636184373004493,4.537924496372089
1120.0,0.33808991625171475,4505.0,21.95565230948828,3.680532063516214
1120.0,0.3437796816037481,4506.0,19.119716005976425,2.835936303511854
1120.0,0.34874054656915454,4507.0,16.606791184642532,2.5129248213338933
1120.0,0.3530058594345056,4508.0,14.122932962263263,2.4838582223792685
1120.0,0.3566016997164306,4509.0,11.794884281418769,2.3280486808444945
1120.0,0.3595709926674166,4510.0,9.599213112367316,2.1956711690514528
1120.0,0.3619284934689357,4511.0,7.346110660848359,2.2531024515189575
1120.0,0.3636468968300339,4512.0,5.042421218277975,2.3036894425703833
1120.0,0.3647550587320663,4513.0,3.0099698848667362,2.032451333411239
1120.0,0.365373996618696,4514.0,1.5674217373787993,1.442548147487937
1120.0,0.3656954353298294,4515.0,0.8529191643833469,0.7145025729954524
1120.0,0.3658922721173909,4516.0,0.6196391045994485,0.23328005978389843
1120.0,0.3660575395654164,4517.0,0.5804084676246086,0.03923063697483986
1120.0,0.36620854952459037,4518.0,0.47496089080029247,0.10544757682431616
1120.0,0.36629657359611206,4519.0,0.1234288103085035,0.35153208049178897
1120.0,0.36630228789288566,4520.0,0.0,0.1234288103085035
1120.0,0.36630228789288566,4521.0,0.0,0.0
1120.0,0.36630228789288566,4522.0,0.0,0.0
1120.0,0.36634623602449284,4523.0,0.6597595775467076,0.6597595775467076
1120.0,0.36673971661848453,4524.0,2.2431342309948623,1.5833746534481548
1120.0,0.36761248484124387,4525.0,4.039916333024922,1.7967821020300598
1120.0,0.3689593635171079,4526.0,5.565113194526092,1.5251968615011702
1120.0,0.37065045791914875,4527.0,6.532397952757888,0.9672847582317958
1120.0,0.37254181909988987,4528.0,6.991165686492764,0.45876773373487545
1120.0,0.3744792795935426,4529.0,6.862047230561713,0.1291184559310503
1120.0,0.3763094488703555,4530.0,6.259211523611719,0.6028357069499943
1120.0,0.37793397980298016,4531.0,5.405851434773556,0.853360088838163
1120.0,0.3793045948209914,4532.0,4.462338361719484,0.9435130730540724
1120.0,0.38041780140361353,4533.0,3.5669169076228853,0.8954214540965983
1120.0,0.3812946196007523,4534.0,2.7602091578153596,0.8067077498075257
1120.0,0.3819483117434683,4535.0,1.93251812564516,0.8276910321701996
1120.0,0.3823715226498112,4536.0,1.140380756156655,0.792137369488505
1120.0,0.38260722055671764,4537.0,0.6212962059452423,0.5190845502114128
1120.0,0.3827629876469669,4538.0,0.6025058399744916,0.018790365970750678
1120.0,0.3830002091562292,4539.0,1.2009028137868492,0.5983969738123576
1120.0,0.3834836199305225,4540.0,2.3819621626515035,1.1810593488646544
1120.0,0.3843853091567308,4541.0,4.229208525953235,1.847246363301731
1120.0,0.3858954219251973,4542.0,6.73032407919732,2.5011155532440856
1120.0,0.38816592759189567,4543.0,9.684909652666514,2.9545855734691937
1120.0,0.39128646679045825,4544.0,12.774267230126396,3.0893575774598823
1120.0,0.39527970885057434,4545.0,16.02153541134926,3.2472681812228625
1120.0,0.40021023645008785,4546.0,19.499401539806176,3.477866128456917
1120.0,0.4060919101553916,4547.0,22.750742441094012,3.2513409012878363
1120.0,0.4127723290709559,4548.0,25.17136928524799,2.420626844153979
1120.0,0.41997731409283634,4549.0,26.593527352076485,1.4221580668284943
1120.0,0.4275270131497353,4550.0,27.79637231070254,1.2028449586260557
1120.0,0.43545975971901235,4551.0,29.350531488202957,1.5541591775004164
1120.0,0.44380754383177673,4552.0,30.66109692248758,1.310565434284623
1120.0,0.45244790271402324,4553.0,31.521136114056006,0.8600391915684256
1120.0,0.46134094553173405,4554.0,32.525710135066475,1.0045740210104697
1120.0,0.4704767219986929,4555.0,33.08444746656109,0.558737331494612
1120.0,0.47966040503288737,4556.0,33.03156356276296,0.05288390379812569
1120.0,0.4888318710105844,4557.0,32.97007177872795,0.0614917840350131
1120.0,0.49791643683787534,4558.0,32.31012757172437,0.6599442070035764
1120.0,0.5067337245553211,4559.0,31.146685328258386,1.1634422434659868
1120.0,0.5152144060734583,4560.0,29.84456429778961,1.3021210304687756
1120.0,0.5232933898808839,4561.0,28.345002324430546,1.4995619733590644
1120.0,0.5310014311707874,4562.0,27.267007593861567,1.077994730568978
1120.0,0.5385014782642179,4563.0,26.81034114643564,0.45666644742592766
1120.0,0.545917754600399,4564.0,26.57774529320019,0.2325958532354484
1120.0,0.5532253695504822,4565.0,25.90759664763776,0.6701486455624313
1120.0,0.560240276482525,4566.0,24.495288868761758,1.4123077788760021
1120.0,0.5668076658913663,4567.0,22.788966820478073,1.7063220482836847
1120.0,0.572910018405775,4568.0,21.158170590517056,1.6307962299610175
1120.0,0.5785444859170549,4569.0,19.36262426667927,1.7955463238377867
1120.0,0.5836595477556183,4570.0,17.507256907357977,1.855367359321292
1120.0,0.5883174195858161,4571.0,16.120656934317562,1.3865999730404148
1120.0,0.5926554342014381,4572.0,15.165173511945824,0.9554834223717386
1120.0,0.5967450299365894,4573.0,14.23693136499081,0.9282421469550144
1120.0,0.6005255054936827,4574.0,12.899135916619937,1.3377954483708727
1120.0,0.603872128034664,4575.0,11.143197298636945,1.7559386179829914
1120.0,0.6067005217233064,4576.0,9.225090611982342,1.9181066866546033
1120.0,0.6090183214143938,4577.0,7.531528119368931,1.6935624926134105
1120.0,0.6109347638006848,4578.0,6.371140934704834,1.1603871846640974
1120.0,0.6126083964360953,4579.0,5.754742398552987,0.6163985361518467
1120.0,0.6141744652973808,4580.0,5.596559862027482,0.15818253652550496
1120.0,0.6157566509479208,4581.0,5.857579298373964,0.2610194363464817
1120.0,0.6174554852493989,4582.0,6.403190726809218,0.5456114284352536
1120.0,0.6193217935868017,4583.0,7.0273219404574485,0.6241312136482309
1120.0,0.6213376933734303,4584.0,7.421392557197658,0.39407061674020927
1120.0,0.6234019385214887,4585.0,7.3641135931976445,0.05727896400001331
1120.0,0.625395918218155,4586.0,6.959867683855613,0.4042459093420314
1120.0,0.6272512093241932,4587.0,6.361184712269151,0.5986829715864621
1120.0,0.628921138956949,4588.0,5.668165563775016,0.6930191484941348
1120.0,0.6304146670807412,4589.0,5.12870400567755,0.5394615580974662
1120.0,0.6317997411959135,4590.0,4.908559725238479,0.22014428043907053
1120.0,0.6331850362610214,4591.0,5.1414763741540135,0.2329166489155341
1120.0,0.6346871756842076,4592.0,5.709717444289189,0.5682410701351754
1120.0,0.6363657970666676,4593.0,6.3719973704212425,0.6622799261320536
1120.0,0.6382142304866926,4594.0,6.8955527271542465,0.523555356733004
1120.0,0.640176667154902,4595.0,7.210805903417702,0.3152531762634556
1120.0,0.6422061714406596,4596.0,7.373162324738973,0.16235642132127115
1120.0,0.6442547532997835,4597.0,7.339998154974981,0.03316416976399239
1120.0,0.6462622315033483,4598.0,7.074324980009786,0.2656731749651948
1120.0,0.6481669812615752,4599.0,6.613311048268177,0.46101393174160865
1120.0,0.6499219355321532,4600.0,5.998091611164867,0.6152194371033106
1120.0,0.6514846102040645,4601.0,5.223939626508786,0.7741519846560809
1120.0,0.652808469681453,4602.0,4.279068767009426,0.9448708594993596
1120.0,0.6538373996827737,4603.0,3.087525366372838,1.1915434006365881
1120.0,0.6545157288213757,4604.0,1.8048710639261558,1.2826543024466823
1120.0,0.6548548444193133,4605.0,0.6797569468614221,1.1251141170647339
1120.0,0.654930381512566,4606.0,0.0,0.6797569468614221
1120.0,0.654930381512566,4607.0,0.0,0.0
1120.0,0.654930381512566,4608.0,0.0,0.0
1120.0,0.654930381512566,4609.0,0.0,0.0
1120.0,0.654930381512566,4610.0,0.0,0.0
1120.0,0.654930381512566,4611.0,0.0,0.0
1120.0,0.654930381512566,4612.0,0.0,0.0
1120.0,0.654930381512566,4613.0,0.0,0.0
1120.0,0.654930381512566,4614.0,0.0,0.0
1120.0,0.654930381512566,4615.0,0.0,0.0
1120.0,0.654930381512566,4616.0,0.0,0.0
1120.0,0.654930381512566,4617.0,0.0,0.0
1120.0,0.654930381512566,4618.0,0.0,0.0
1120.0,0.654930381512566,4619.0,0.0,0.0
1120.0,0.6549592469211091,4620.0,0.22317888276274198,0.22317888276274198
1120.0,0.6550597873258424,4621.0,0.5098642726357149,0.2866853898729729
1120.0,0.6552479225131826,4622.0,0.85531681906417,0.34545254642845513
1120.0,0.655529509163287,4623.0,1.1546661619523872,0.29934934288821724
1120.0,0.6558944091285214,4624.0,1.5085828439915046,0.3539166820391173
1120.0,0.6564030846897826,4625.0,2.247370247781445,0.7387874037899402
1120.0,0.6572119488378296,4626.0,3.731670524591789,1.4843002768103442
1120.0,0.6585792447382995,4627.0,6.302490756100012,2.5708202315082227
1120.0,0.6608011223283954,4628.0,9.812524464849993,3.5100337087499813
1120.0,0.6640659823789078,4629.0,13.700036139513712,3.8875116746637186
1120.0,0.6683847525891119,4630.0,17.303145939423693,3.6031097999099817
1120.0,0.6736169263170053,4631.0,20.26102104439298,2.957875104969286
1120.0,0.6795807822915512,4632.0,22.574637557792105,2.3136165133991256
1120.0,0.6861087719510996,4633.0,24.357046008533196,1.7824084507410909
1120.0,0.6930807824361587,4634.0,25.773119432039213,1.4160734235060168
1120.0,0.7003704942322844,4635.0,26.585572866721755,0.812453434682542
1120.0,0.7077568396999726,4636.0,26.395766524904204,0.18980634181755107
1120.0,0.714907097086477,4637.0,24.785445655365088,1.610320869539116
1120.0,0.7213790761918424,4638.0,21.640883813123327,3.1445618422417603
1120.0,0.7268954777171639,4639.0,18.104358832884266,3.5365249802390615
1120.0,0.7314773497553949,4640.0,14.963844179162049,3.1405146537222173
1120.0,0.7352233470897431,4641.0,12.030327319802923,2.933516859359125
1120.0,0.7381854135987759,4642.0,9.365983424663229,2.6643438951396945
1120.0,0.7404598451517943,4643.0,7.060458741211164,2.305524683452065
1120.0,0.7421481135239537,4644.0,5.183354772319496,1.8771039688916682
1120.0,0.7433945375152792,4645.0,3.899376940423178,1.2839778318963178
1120.0,0.7443799840428048,4646.0,3.3247232649968232,0.5746536754263549
1120.0,0.7453166472168684,4647.0,3.547518264059234,0.22279499906241096
1120.0,0.7464145837493703,4648.0,4.459683871977476,0.9121656079182419
1120.0,0.7478433776945765,4649.0,5.900718259760915,1.4410343877834393
1120.0,0.7497220721224223,4650.0,7.65378019745466,1.7530619376937446
1120.0,0.7521225845310496,4651.0,9.729141980940728,2.075361783486068
1120.0,0.7551843729027065,4652.0,12.418490415508177,2.6893484345674494
1120.0,0.7590751315048787,4653.0,15.678775333378113,3.260284917869935
1120.0,0.7639281874059181,4654.0,19.291546510868322,3.6127711774902096
1120.0,0.7697822184857337,4655.0,22.772720668261194,3.4811741573928714
1120.0,0.7765166960746837,4656.0,25.632527882052443,2.8598072137912496
1120.0,0.7839771618999462,4657.0,27.995463521351322,2.362935639298879
1120.0,0.7920076403293876,4658.0,29.66732510939621,1.6718615880448873
1120.0,0.800347044153842,4659.0,30.30439373391322,0.6370686245170099
1120.0,0.8088931627699846,4660.0,31.4312175577581,1.1268238238448802
1120.0,0.8179060378766172,4661.0,33.488073970647555,2.0568564128894558
1120.0,0.8274549440953822,4662.0,35.13803986216482,1.6499658915172617
1120.0,0.8373726860156014,4663.0,36.15608001789045,1.018040155725636
1120.0,0.8474809842386675,4664.0,36.560025080597285,0.40394506270683195
1120.0,0.8576928206356198,4665.0,36.97284636603085,0.4128212854335658
1120.0,0.8680416962357651,4666.0,37.61442271729603,0.6415763512651793
1120.0,0.8786438916383519,4667.0,38.691128627189656,1.0767059098936258
1120.0,0.8892924987425128,4668.0,37.48911376007693,1.202014867112723
1120.0,0.899518449050527,4669.0,36.786013149655034,0.7031006104218989
1120.0,0.9100449979808144,4670.0,39.055509074509125,2.269495924854091
1120.0,0.9209913027904305,4671.0,39.349993295215256,0.29448422070613134
1120.0,0.9317780225935803,4672.0,38.352064087045385,0.9979292081698716
1120.0,0.9423279079834385,4673.0,37.711445793928746,0.6406182931166384
1120.0,0.9528426707205665,4674.0,38.307528130718346,0.5960823367895998
1120.0,0.963801455177817,4675.0,40.59718757034261,2.289659439624266
1120.0,0.9751787317369801,4676.0,40.7843682702402,0.18718069989758845
1120.0,0.9864250213866275,4677.0,40.451598793340686,0.3327694768995144
1120.0,0.9977207496198964,4678.0,40.71012434114576,0.2585255478050712
1120.0,1.0089466663491928,4679.0,40.08793401586644,0.6221903252793197
1120.0,1.0200084359637223,4680.0,39.57042779000173,0.5175062258647074
1120.0,1.0309768584585068,4681.0,39.51433445002955,0.056093339972179024
1120.0,1.0419686627041413,4682.0,39.57832942369739,0.0639949736678389
1120.0,1.0529895687834572,4683.0,39.95619797016222,0.3778685464648319
1120.0,1.0642789483246018,4684.0,41.44723206716308,1.4910340970008562
1120.0,1.0759991181489925,4685.0,42.846134006336385,1.3989019391733066
1120.0,1.088019491701977,4686.0,43.55219223627184,0.7060582299354579
1120.0,1.1001187673134314,4687.0,43.47535934549987,0.07683289077197486
1120.0,1.1122365618716028,4688.0,44.05178919600055,0.5764298505006806
1120.0,1.124736822424605,4689.0,46.00924466333265,1.9574554673321032
1120.0,1.1377268746350404,4690.0,47.38631237803303,1.377067714700381
1120.0,1.1510061997521501,4691.0,48.08966501653728,0.7033526385042492
1120.0,1.1643619847521844,4692.0,48.054216655619065,0.03544836091821679
1120.0,1.1777527391664198,4693.0,48.46080306275745,0.40658640713838423
1120.0,1.1912601630304058,4694.0,48.64887538371347,0.18807232095601734
1120.0,1.2046989352882285,4695.0,47.98601491922221,0.6628604644912599
1120.0,1.2178811007785795,4696.0,46.9050538037364,1.080961115485806
1120.0,1.230748651807011,4697.0,45.74855333320262,1.1565004705337785
1120.0,1.2433072740956879,4698.0,44.73927910127412,1.0092742319285009
1120.0,1.2556450014654241,4699.0,44.17743402332028,0.5618450779538406
1120.0,1.2678673092281778,4700.0,43.80855933810899,0.3688746852112885
1120.0,1.28003080645887,4701.0,44.046152583618785,0.23759324550979244
1120.0,1.29243888860963,4702.0,45.19719665704451,1.151044073425723
1120.0,1.305039778634988,4703.0,45.316889477960565,0.11969282091605749
1120.0,1.3175320589574486,4704.0,44.5778286096292,0.7390608683313644
1120.0,1.3298342995382226,4705.0,44.03467014211844,0.5431584675107572
1120.0,1.3418988010371729,4706.0,42.61946002727837,1.4152101148400718
1120.0,1.3535422491391615,4707.0,41.49416430168905,1.125295725589325
1120.0,1.3650170517395426,4708.0,40.95551694824568,0.5386473534433662
1120.0,1.3760873304399588,4709.0,38.343408586898256,2.612108361347424
1120.0,1.3861507973428944,4710.0,33.92352734151301,4.419881245385248
1120.0,1.3948968468564702,4711.0,29.041747046989535,4.881780294523473
1120.0,1.4023036811232295,4712.0,24.35899777466567,4.682749272323864
1120.0,1.408472379289932,4713.0,20.12541697728833,4.233580797377339
1120.0,1.413514205799169,4714.0,16.2172124024196,3.90820457486873
1120.0,1.4174890701169702,4715.0,12.38969170206319,3.827520700356411
1120.0,1.4203974545912403,4716.0,8.580592423814018,3.809099278249173
1120.0,1.4222969037960786,4717.0,5.213057411366473,3.3675350124475445
1120.0,1.4233804095623108,4718.0,2.776903161219778,2.4361542501466955
1120.0,1.4239389341809068,4719.0,1.3857515583338076,1.3911516028859703
1120.0,1.424212564346378,4720.0,0.6679362567545795,0.7178153015792281
1120.0,1.4243414231905425,4721.0,0.2911791142470328,0.37675714250754666
1120.0,1.4243804087506717,4722.0,0.0,0.2911791142470328
1120.0,1.4243804087506717,4723.0,0.0,0.0
1120.0,1.4243804087506717,4724.0,0.0,0.0
1120.0,1.4243804087506717,4725.0,0.0,0.0
1120.0,1.4243804087506717,4726.0,0.0,0.0
1120.0,1.4243808713379542,4727.0,0.010071491456985965,0.010071491456985965
1120.0,1.4245784040917358,4728.0,1.4842091766919663,1.4741376852349803
1120.0,1.4252333452649426,4729.0,3.2583278308699475,1.7741186541779812
1120.0,1.4263876740896775,4730.0,5.017014530890952,1.7586867000210047
1120.0,1.4280114489307536,4731.0,6.691085419952854,1.6740708890619018
1120.0,1.4300997943595306,4732.0,8.297817182895487,1.6067317629426334
1120.0,1.432578447375148,4733.0,9.437514487095022,1.1396973041995349
1120.0,1.4352543556572854,4734.0,9.629828952618768,0.19231446552374543
1120.0,1.4378052171715794,4735.0,8.519124588953087,1.1107043636656808
1120.0,1.439892933932854,4736.0,6.405742477551014,2.113382111402073
1120.0,1.4413436295675797,4737.0,4.069167496330619,2.3365749812203953
1120.0,1.4422006254215898,4738.0,2.231677507098631,1.8374899892319876
1120.0,1.4426341786742638,4739.0,0.9308623450903291,1.300815162008302
1120.0,1.4427497603769224,4740.0,0.0,0.9308623450903291
1120.0,1.4427497603769224,4741.0,0.0,0.0
1120.0,1.4427497603769224,4742.0,0.0,0.0
1120.0,1.442753705204282,4743.0,0.08555553293984042,0.08555553293984042
1120.0,1.4429603532690964,4744.0,1.4985669801933539,1.4130114472535134
1120.0,1.4436356423703407,4745.0,3.4458029200714315,1.9472359398780776
1120.0,1.444913932269835,4746.0,5.808404585873882,2.3626016658024507
1120.0,1.446901937521313,4747.0,8.611880942250448,2.8034763563765654
1120.0,1.4497468022493762,4748.0,11.921242305357223,3.3093613631067758
1120.0,1.4535411955044748,4749.0,15.443727649040744,3.5224853436835204
1120.0,1.4583295891488204,4750.0,18.995989526944534,3.55226187790379
1120.0,1.4640505075075982,4751.0,22.08375742291475,3.0877678959702166
1120.0,1.4705337170438173,4752.0,24.485314306266336,2.401556883351585
1120.0,1.4775934799487747,4753.0,26.25527888793657,1.7699645816702336
1120.0,1.485088566619763,4754.0,27.680951449710467,1.4256725617738972
1120.0,1.492957600882513,4755.0,28.926580342496273,1.2456288927858061
1120.0,1.5011011515869743,4756.0,29.56047405651912,0.6338937140228467
1120.0,1.509310302803802,4757.0,29.485772356052934,0.07470170046618563
1120.0,1.5174808513215277,4758.0,29.329960393410147,0.15581196264278674
1120.0,1.5255690221446525,4759.0,28.778018277057758,0.5519421163523894
1120.0,1.5333985948104663,4760.0,27.502256437370626,1.2757618396871315
1120.0,1.5408221496736887,4761.0,25.966183905084495,1.5360725322861306
1120.0,1.5478509507640237,4762.0,24.69797440571591,1.2682094993685844
1120.0,1.5545702398174093,4763.0,23.71699737073249,0.9809770349834217
1120.0,1.5610418630743124,4764.0,22.897716435557932,0.8192809351745574
1120.0,1.5672956994051175,4765.0,22.123227660200854,0.7744887753570779
1120.0,1.5733202328058762,4766.0,21.245364471121704,0.8778631890791502
1120.0,1.579084333029425,4767.0,20.18432085939541,1.0610436117262942
1120.0,1.5844782545098521,4768.0,18.546267889295684,1.638052970099725
1120.0,1.5893445503044838,4769.0,16.454687730408516,2.0915801588871687
1120.0,1.5936325466820622,4770.0,14.495374042233907,1.9593136881746087
1120.0,1.597424627166064,4771.0,12.818193944931597,1.67718009730231
1120.0,1.600748132081275,4772.0,11.087238370079515,1.7309555748520822
1120.0,1.6035697709508816,4773.0,9.206304610854103,1.880933759225412
1120.0,1.605855676943739,4774.0,7.250360262055763,1.9559443487983401
1120.0,1.6075857927478967,4775.0,5.173079407013931,2.077280855041831
1120.0,1.6087272129392154,4776.0,3.0701103404366776,2.102969066577254
1120.0,1.609320451899116,4777.0,1.2785727132606821,1.7915376271759955
1120.0,1.609493147508402,4778.0,0.08649536264508839,1.1920773506155937
1120.0,1.6094971519233392,4779.0,0.0,0.08649536264508839
1120.0,1.6094971519233392,4780.0,0.0,0.0
1120.0,1.6094971519233392,4781.0,0.0,0.0
1120.0,1.6094971519233392,4782.0,0.0,0.0
1120.0,1.6094971519233392,4783.0,0.0,0.0
1120.0,1.6094971519233392,4784.0,0.0,0.0
1120.0,1.6094971519233392,4785.0,0.0,0.0
1120.0,1.6095082851082763,4786.0,0.2436053604657659,0.2436053604657659
1120.0,1.6098105381114949,4787.0,2.1440626237102673,1.9004572632445014
1120.0,1.6107984197236132,4788.0,5.114971152450263,2.9709085287399954
1120.0,1.6127120333296434,4789.0,8.720787864523512,3.605816712073249
1120.0,1.6156385102546298,4790.0,12.269246659206123,3.5484587946826114
1120.0,1.6194826063687153,4791.0,15.35138767631239,3.0821410171062666
1120.0,1.624132346329438,4792.0,18.066450540274296,2.715062863961906
1120.0,1.629492231471711,4793.0,20.49081854893065,2.424368008656355
1120.0,1.635492043084114,4794.0,22.639912642090643,2.1490940931599916
1120.0,1.6420403780160313,4795.0,24.47620298027606,1.8362903381854174
1120.0,1.6490865699021677,4796.0,26.27318238400196,1.7969794037258993
1120.0,1.6566403331738577,4797.0,28.072478918488144,1.799296534486185
1120.0,1.664656878218083,4798.0,29.609294158643028,1.5368152401548834
1120.0,1.6730850656375904,4799.0,31.074559120817916,1.4652649621748886
1120.0,1.6818994689737516,4800.0,32.340739734971145,1.2661806141532281
1120.0,1.691046042259087,4801.0,33.56838044155131,1.2276407065801678
1120.0,1.7006067389460902,4802.0,35.36467212359069,1.7962916820393744
1120.0,1.7107069516201139,4803.0,37.27332096696177,1.9086488433710826
1120.0,1.7212295580276271,4804.0,38.34107704160574,1.0677560746439738
1120.0,1.7319867878982411,4805.0,39.247868671145866,0.9067916295401233
1120.0,1.7431794748073315,4806.0,41.44382952198201,2.195960850836144
1120.0,1.754876164306849,4807.0,42.26705589231977,0.8232263703377569
1120.0,1.766582364912453,4808.0,42.31206810635964,0.04501221403987188
1120.0,1.7785380477274566,4809.0,43.718512827779804,1.406444721420165
1120.0,1.790729368343547,4810.0,43.87516451038054,0.1566516826007387
1120.0,1.8028718738239848,4811.0,43.49572140628557,0.3794431040949746
1120.0,1.8149450456699083,4812.0,43.80424589936486,0.30852449307928964
1120.0,1.8274407093186107,4813.0,46.24730854299528,2.4430626436304195
1120.0,1.8403449548974524,4814.0,45.97104911308681,0.27625942990846397
1120.0,1.852905538329603,4815.0,44.87775453479917,1.0932945782876402
1120.0,1.8654824852474867,4816.0,45.835476038403236,0.9577215036040627
1120.0,1.8783030397902105,4817.0,46.234055335721166,0.39857929731793007
1120.0,1.8911094101675332,4818.0,46.0329626442473,0.20109269147386755
1120.0,1.90397197394738,4819.0,46.71871353276386,0.6857508885165586
1120.0,1.9169888256515548,4820.0,46.46884649582885,0.249867036935008
1120.0,1.9295220097956074,4821.0,43.708808724578645,2.7600377712502038
1120.0,1.9415287795908802,4822.0,43.12860679253933,0.5802019320393157
1120.0,1.9533311828127173,4823.0,40.95204430773573,2.176562484803597
1120.0,1.9638913275882588,4824.0,34.788055753127686,6.163988554608046
1120.0,1.9726891314616408,4825.0,28.81691549488481,5.971140258242876
1120.0,1.979996213294932,4826.0,24.03092376823765,4.785991726647161
1120.0,1.9861922325875319,4827.0,20.86062089166147,3.17030287657618
1120.0,1.991724425410935,4828.0,19.165492699417428,1.6951281922440415
1120.0,1.9969033026914487,4829.0,18.188137812199745,0.9773548872176825
1120.0,2.001860367362615,4830.0,17.569474971064047,0.6186628411356985
1120.0,2.0067173284596196,4831.0,17.519650059659007,0.04982491140503953
1120.0,2.0116593466740373,4832.0,18.172635671994414,0.6529856123354065
1120.0,2.0168468627967413,4833.0,19.161683798495588,0.9890481265011744
1120.0,2.0222838200917392,4834.0,19.97347668568115,0.8117928871855611
1120.0,2.0279583063995164,4835.0,20.927801740952937,0.9543250552717879
1120.0,2.033960078567967,4836.0,22.480642342316475,1.5528406013635383
1120.0,2.0405291375513093,4837.0,24.862148511737303,2.3815061694208275
1120.0,2.0477290605612506,4838.0,26.766935795965416,1.9047872842281137
1120.0,2.0551984669521737,4839.0,26.626936542216125,0.13999925374929134
1120.0,2.062315337951407,4840.0,24.286724288997256,2.340212253218869
1120.0,2.0685761967622005,4841.0,20.73422941309297,3.552494875904287
1120.0,2.0738585466165937,4842.0,17.316259711270092,3.4179697018228765
1120.0,2.0782474879031647,4843.0,14.440398929644529,2.8758607816255637
1120.0,2.0819875910259356,4844.0,12.693793001931844,1.7466059277126842
1120.0,2.08540846177731,4845.0,12.115797329243364,0.5779956726884805
1120.0,2.088803717783508,4846.0,12.454100343586578,0.3383030143432144
1120.0,2.0923938604263674,4847.0,13.539641291040317,1.0855409474537385
1120.0,2.096402122923948,4848.0,15.439603111279267,1.8999618202389499
1120.0,2.1010220558433232,4849.0,17.878365630777466,2.4387625194981997
1120.0,2.106337230311069,4850.0,20.339712939640897,2.461347308863431
1120.0,2.11226272438972,4851.0,22.169796814096944,1.8300838744560473
1120.0,2.118568737276731,4852.0,23.133976012207327,0.9641791981103829
1120.0,2.1250977834556877,4853.0,23.90746904892187,0.7734930367145445
1120.0,2.1318973749473726,4854.0,25.18387726876069,1.2764082198388174
1120.0,2.139156573151481,4855.0,27.147622053554592,1.963744784793903
1120.0,2.1469802169302636,4856.0,29.11630003038006,1.968677976825468
1120.0,2.1552671233052685,4857.0,30.477249804635928,1.360949774255868
1120.0,2.16389259126186,4858.0,31.588341126615227,1.1110913219792984
1120.0,2.172779538474476,4859.0,32.2991801658679,0.7108390392526758
1120.0,2.181779826395932,4860.0,32.40559405693403,0.10641389106612564
1120.0,2.190746155480105,4861.0,32.13487103387718,0.2707230230568456
1120.0,2.1996207278064577,4862.0,31.78930390264425,0.3455671312329329
1120.0,2.2084633408888843,4863.0,32.03087663981443,0.24157273717018057
1120.0,2.21751274237523,4864.0,33.278989670343066,1.2481130305286356
1120.0,2.2269622756936394,4865.0,34.62842834396658,1.349438673623517
1120.0,2.2366057865924804,4866.0,34.488727215675574,0.13970112829100856
1120.0,2.24604452168085,4867.0,33.52619539985461,0.9625318158209666
1120.0,2.2553182935098515,4868.0,33.36385246600564,0.16234293384896858
1120.0,2.264584253018698,4869.0,33.30294383464587,0.060908631359765764
1120.0,2.273801759001255,4870.0,33.073031848523115,0.2299119861227581
1120.0,2.282975913713611,4871.0,33.020512631661255,0.05251921686186023
1120.0,2.2921562848013153,4872.0,33.06340674228555,0.042894110624295934
1120.0,2.301339250069928,4873.0,33.02190084286002,0.0415058994255304
1120.0,2.310467111065512,4874.0,32.61613312104084,0.4057677218191813
1120.0,2.3194067424397646,4875.0,31.707045147911124,0.909087973129715
1120.0,2.328102037562114,4876.0,30.96855244729691,0.7384927006142128
1120.0,2.3366285546366075,4877.0,30.383851035383522,0.5847014119133895
1120.0,2.344901632029639,4878.0,29.004530477066805,1.3793205583167172
1120.0,2.352667598712797,4879.0,26.82650519520206,2.1780252818647448
1120.0,2.359796409392045,4880.0,24.58564731950353,2.2408578756985307
1120.0,2.366403877388145,4881.0,23.151859967420954,1.4337873520825752
1120.0,2.372742036877541,4882.0,22.62576944329244,0.526090524128513
1120.0,2.379049040047174,4883.0,22.86461530558447,0.23884586229202753
1120.0,2.3854540774733253,4884.0,23.217177270071176,0.35256196448670707
1120.0,2.3919150603532287,4885.0,23.238589996381197,0.021412726310021668
1120.0,2.398344527727559,4886.0,23.04545045450971,0.19313954187148852
1120.0,2.404724810055827,4887.0,22.919120916727547,0.12632953778216205
1120.0,2.4110951084345142,4888.0,22.97645864769617,0.057337730968622935
1120.0,2.417489272842418,4889.0,23.03538647398128,0.058927826285110285
1120.0,2.4238724580766062,4890.0,22.885543791622002,0.149842682359278
1120.0,2.430185697100395,4891.0,22.548466419803763,0.33707737181823916
1120.0,2.4363892967216816,4892.0,22.09886071444527,0.4496057053584934
1120.0,2.442454904746013,4893.0,21.562107958389227,0.5367527560560426
1120.0,2.448362890371182,4894.0,20.967868038086255,0.5942399203029716
1120.0,2.454097981990028,4895.0,20.298286046412105,0.6695819916741499
1120.0,2.4596290507250917,4896.0,19.51861252216447,0.7796735242476345
1120.0,2.4649457498041447,4897.0,18.782715966294038,0.7358965558704327
1120.0,2.4700813275583378,4898.0,18.230948040661136,0.5517679256329018
1120.0,2.4750997513449735,4899.0,17.93438506088281,0.2965629797783258
1120.0,2.480040154120666,4900.0,17.595249295843864,0.3391357650389466
1120.0,2.4848463134051366,4901.0,16.962764546441438,0.6324847494024262
1120.0,2.4894517569360644,4902.0,16.20415105391607,0.7586134925253667
1120.0,2.4938616410469336,4903.0,15.580320128187342,0.6238309257287291
1120.0,2.498129224277495,4904.0,15.18566497174629,0.3946551564410523
1120.0,2.5023159495997507,4905.0,14.979739270872063,0.2059257008742268
1120.0,2.5064537330779126,4906.0,14.79735371984303,0.1823855510290322
1120.0,2.5105184329181363,4907.0,14.412511529440227,0.38484219040280365
1120.0,2.5144161180010935,4908.0,13.550996834292679,0.8615146951475481
1120.0,2.5179903874648835,4909.0,12.096073113641243,1.4549237206514363
1120.0,2.5211056425647915,4910.0,10.318085980028224,1.7779871336130189
1120.0,2.5237277988456066,4911.0,8.587180531646753,1.7309054483814705
1120.0,2.5259011623744074,4912.0,7.119016519105776,1.468164012540977
1120.0,2.5277185979878682,4913.0,6.034285294763945,1.084731224341831
1120.0,2.529291304715347,4914.0,5.356231297981415,0.6780539967825305
1120.0,2.530733084720637,4915.0,5.091762671105786,0.26446862687562867
1120.0,2.5321509007796466,4916.0,5.160715069144105,0.0689523980383191
1120.0,2.533618138960334,4917.0,5.423322239936928,0.2626071707928226
1120.0,2.5351669311093814,4918.0,5.717581793597239,0.29425955366031076
1120.0,2.536789295108611,4919.0,5.957902222350611,0.240320428753372
1120.0,2.5384668576128435,4920.0,6.089862136617944,0.1319599142673331
1120.0,2.540149251185776,4921.0,5.972047370994868,0.11781476562307613
1120.0,2.5417531527217627,4922.0,5.516866334886511,0.4551810361083568
1120.0,2.5431753392009315,4923.0,4.6443699952776285,0.8724963396088823
1120.0,2.5442983525407827,4924.0,3.401495374463538,1.2428746208140904
1120.0,2.545059569388521,4925.0,2.100125258117413,1.301370116346125
1120.0,2.5454927673065364,4926.0,1.0948426814634198,1.0052825766539932
1120.0,2.5457081600573335,4927.0,0.5100922108176515,0.5847504706457682
1120.0,2.545801117434618,4928.0,0.19431197745718043,0.3157802333604711
1120.0,2.545830077365286,4929.0,0.029864238465292736,0.1644477389918877
1120.0,2.5458314599689187,4930.0,0.0,0.029864238465292736
1120.0,2.5458314599689187,4931.0,0.0,0.0
1120.0,2.5458314599689187,4932.0,0.0,0.0
1120.0,2.5458314599689187,4933.0,0.0,0.0
1120.0,2.5458314599689187,4934.0,0.0,0.0
1120.0,2.5458314599689187,4935.0,0.0,0.0
1120.0,2.5458314599689187,4936.0,0.0,0.0
1120.0,2.5458314599689187,4937.0,0.0,0.0
1120.0,2.5458314599689187,4938.0,0.0,0.0
1120.0,2.545832514306612,4939.0,0.00625506873275622,0.00625506873275622
1120.0,2.5458343114615802,4940.0,0.005867881144738841,0.00038718758801737935
1120.0,2.545835498611108,4941.0,0.0025032251395199203,0.0033646560052189205
1120.0,2.545835781683276,4942.0,0.0,0.0025032251395199203
1120.0,2.545835781683276,4943.0,0.0,0.0
1120.0,2.545835781683276,4944.0,0.0,0.0
1120.0,2.545835781683276,4945.0,0.0,0.0
1120.0,2.545835781683276,4946.0,0.0,0.0
1120.0,2.545835781683276,4947.0,0.0,0.0
1120.0,2.545835781683276,4948.0,0.0,0.0
1120.0,2.545835781683276,4949.0,0.0,0.0
1120.0,2.545835781683276,4950.0,0.0,0.0
1120.0,2.5458517966697607,4951.0,0.12799531525211813,0.12799531525211813
1120.0,2.545912165515455,4952.0,0.3148708853830789,0.18687557013096076
1120.0,2.5460307837762906,4953.0,0.5456336790408484,0.23076279365776947
1120.0,2.5462184583754572,4954.0,0.8106258509325054,0.264992171891657
1120.0,2.5464837872150476,4955.0,1.106217467591096,0.2955916166585907
1120.0,2.5468381868635683,4956.0,1.4571224418921864,0.35090497430109036
1120.0,2.5473004624166076,4957.0,1.8844838194479299,0.42736137755574344
1120.0,2.5478915583646717,4958.0,2.3799146101699895,0.49543079072205964
1120.0,2.5486283167264436,4959.0,2.933212525885467,0.5532979157154774
1120.0,2.549520789977591,4960.0,3.4857134745006935,0.5525009486152266
1120.0,2.550560357100291,4961.0,3.9918605026055634,0.5061470281048699
1120.0,2.551736441525364,4962.0,4.478550141117662,0.48668963851209845
1120.0,2.5530523562062846,4963.0,5.010649631788621,0.5320994906709595
1120.0,2.5545353538167155,4964.0,5.705460187310954,0.6948105555223325
1120.0,2.5562477506649417,4965.0,6.675389975002256,0.969929787691302
1120.0,2.558272548429968,4966.0,7.950376161920753,1.2749861869184969
1120.0,2.560681750046441,4967.0,9.412285688724197,1.4619095268034439
1120.0,2.5635069934384083,4968.0,10.932434121485286,1.52014843276109
1120.0,2.5667538793709177,4969.0,12.43887083731832,1.5064367158330327
1120.0,2.570413976923271,4970.0,13.910755153740542,1.4718843164222228
1120.0,2.5744877346483213,4971.0,15.440152782663093,1.5293976289225508
1120.0,2.5790115889556806,4972.0,17.179844401789257,1.7396916191261642
1120.0,2.584057618727732,4973.0,19.180935157683418,2.001090755894161
1120.0,2.589659398553164,4974.0,21.077915280817294,1.8969801231338757
1120.0,2.595704729464544,4975.0,22.339316007258287,1.2614007264409928
1120.0,2.602023672872382,4976.0,23.103909254907958,0.7645932476496711
1120.0,2.6085220127993973,4977.0,23.6592611618474,0.5553519069394426
1120.0,2.6151385473754085,4978.0,23.863122518890933,0.20386135704353237
1120.0,2.6217118026981363,4979.0,23.35735291054733,0.5057696083436021
1120.0,2.6280778626774857,4980.0,22.469915998859133,0.8874369116881979
1120.0,2.6342284946245234,4981.0,21.907598172184073,0.5623178266750593
1120.0,2.640305145977339,4982.0,21.93859237624686,0.03099420406278597
1120.0,2.646454540771964,4983.0,22.36688829660508,0.4282959203582202
1120.0,2.65272268845336,4984.0,22.71922544490589,0.352337148300812
1120.0,2.659055806984609,4985.0,22.85647519663704,0.13724975173114728
1120.0,2.6654173849959664,4986.0,22.9563616786135,0.099886481976462
1120.0,2.6718238214599204,4987.0,23.20113601596989,0.24477433735638954
1120.0,2.6783058196910234,4988.0,23.441552079729007,0.24041606375911684
1120.0,2.6848328676490514,4989.0,23.55007482961155,0.10852274988254251
1120.0,2.691412181244617,4990.0,23.90666051900882,0.35658568939727076
1120.0,2.698161414843046,4991.0,24.726908139371115,0.820247620362295
1120.0,2.70513279707344,4992.0,25.395824384702912,0.6689162453317969
1120.0,2.712244510323474,4993.0,25.818187134005687,0.4223627493027742
1120.0,2.719485586507299,4994.0,26.324742817688122,0.5065556836824356
1120.0,2.7268570302070008,4995.0,26.70105162706969,0.3763088093815661
1120.0,2.7343069348760185,4996.0,27.00030147139434,0.2992498443246525
1120.0,2.7419178775897337,4997.0,27.90306774721643,0.9027662758220885
1120.0,2.7498227857186635,4998.0,28.920805534712052,1.0177377874956228
1120.0,2.7578897622433183,4999.0,29.04831045854942,0.12750492383736756
1120.0,2.765976108321663,5000.0,29.325396963418367,0.27708650486894726
1120.0,2.774305703836614,5001.0,30.910893935234522,1.5854969718161556
1120.0,2.783237913056993,5002.0,33.4086669800888,2.4977730448542808
1120.0,2.7927861648702295,5003.0,35.080418407466794,1.6717514273779912
1120.0,2.8026453430080824,5004.0,35.92425119266358,0.8438327851967884
1120.0,2.8127851364000027,5005.0,37.11846240547239,1.1942112128088098
1120.0,2.823232479172676,5006.0,38.01434124346368,0.8958788379912903
1120.0,2.8339064497279027,5007.0,38.920594326843144,0.9062530833794611
1120.0,2.8448717955139444,5008.0,39.94961746812081,1.0290231412776691
1120.0,2.8560307442033097,5009.0,40.29296612801355,0.3433486598927402
1120.0,2.8672367124683524,5010.0,40.36599207190653,0.07302594389297923
1120.0,2.8784160192609325,5011.0,40.01517421082048,0.35081786108604973
1120.0,2.8894240680121204,5012.0,39.23197703330929,0.783197177511191
1120.0,2.9002312236640804,5013.0,38.63143189558984,0.6005451377194504
1120.0,2.9109227397688957,5014.0,38.37098277945251,0.26044911613733035
1120.0,2.92153398855863,5015.0,38.02735939115363,0.3436233882988802
1120.0,2.9320618201264517,5016.0,37.77997979167161,0.2473795994820236
1120.0,2.9424833432294055,5017.0,37.174871501244574,0.6051082904270331
1120.0,2.952704877625543,5018.0,36.46012987887463,0.7147416223699423
1120.0,2.9627462599886236,5019.0,35.855704089359826,0.6044257895148064
1120.0,2.97265269704442,5020.0,35.602296352544066,0.2534077368157597
1120.0,2.982605611462528,5021.0,36.10876397902017,0.5064676264761019
1120.0,2.992668564961127,5022.0,36.136787286941804,0.028023307921635876
1120.0,3.0025839687337146,5023.0,35.12237827712726,1.0144090098145426
1120.0,3.0121510618077685,5024.0,33.81902658820872,1.3033516889185393
1120.0,3.0214211785629543,5025.0,33.0461512566651,0.7728753315436236
1120.0,3.0305584537248937,5026.0,32.75022514840161,0.29592610826348675
1120.0,3.039581091176882,5027.0,32.141487408900794,0.6087377395008176
1120.0,3.048398407293789,5028.0,31.376381345253844,0.7651060636469502
1120.0,3.0570790602275593,5029.0,31.273743457377037,0.10263788787680639
1120.0,3.065785712040531,5030.0,31.327225865460797,0.05348240808375948
1120.0,3.074383335443769,5031.0,30.36565715505932,0.9615687104014761
1120.0,3.0825880950920315,5032.0,28.65170306284496,1.7139540922143617
1120.0,3.090300726779526,5033.0,26.936410995021696,1.7152920678232633
1120.0,3.0976002825894353,5034.0,25.70004663560367,1.236364359418026
1120.0,3.1045962016436697,5035.0,24.651107150435884,1.0489394851677858
1120.0,3.1112680576080045,5036.0,23.320236807727337,1.3308703427085469
1120.0,3.1175268691122984,5037.0,21.746564950067757,1.5736718576595798
1120.0,3.12337044587324,5038.0,20.38373604062072,1.3628289094470354
1120.0,3.1288822023093315,5039.0,19.353605811375942,1.0301302292447794
1120.0,3.1341537489556273,5040.0,18.657841727420575,0.6957640839553676
1120.0,3.1392620248269614,5041.0,18.114804849515956,0.5430368779046191
1120.0,3.1441947497873515,5042.0,17.326922192045895,0.7878826574700604
1120.0,3.1488367574241956,5043.0,15.995301216735893,1.3316209753100026
1120.0,3.153030175069333,5044.0,14.125994510520892,1.869306706215001
1120.0,3.156654030009037,5045.0,11.92823511710769,2.197759393413202
1120.0,3.159646220524813,5046.0,9.614344958936941,2.3138901581707483
1120.0,3.1619920017153387,5047.0,7.259058001138426,2.3552869577985156
1120.0,3.1636793223110335,5048.0,4.9130127850829535,2.3460452160554723
1120.0,3.164749036362384,5049.0,2.8634483016961854,2.049564483386768
1120.0,3.165323533151128,5050.0,1.3876772799726442,1.4757710217235411
1120.0,3.1655808398726495,5051.0,0.5529039063678614,0.8347733736047829
1120.0,3.1656696437019627,5052.0,0.13906447184074322,0.41383943452711813
1120.0,3.1656808144964907,5053.0,0.0,0.13906447184074322
1120.0,3.1656808144964907,5054.0,0.0,0.0
1120.0,3.1656808144964907,5055.0,0.0,0.0
1120.0,3.1656808144964907,5056.0,0.0,0.0
1120.0,3.1656808144964907,5057.0,0.0,0.0
1120.0,3.1656808144964907,5058.0,0.0,0.0
1120.0,3.1656808144964907,5059.0,0.0,0.0
1120.0,3.1656808144964907,5060.0,0.0,0.0
1120.0,3.1656808144964907,5061.0,0.0,0.0
1120.0,3.1656808144964907,5062.0,0.0,0.0
1120.0,3.165705894998088,5063.0,0.544786267897352,0.544786267897352
1120.0,3.16608008471031,5064.0,2.231895651053888,1.6871093831565358
1120.0,3.166983170371773,5065.0,4.3206938050707935,2.0887981540169056
1120.0,3.1684948526658765,5066.0,6.5563772012760575,2.235683396205264
1120.0,3.1706272130273403,5067.0,8.825557231473251,2.2691800301971936
1120.0,3.1734121491336764,5068.0,11.231212389692987,2.4056551582197354
1120.0,3.1768503392374767,5069.0,13.458837540703795,2.227625151010809
1120.0,3.180839406944006,5070.0,15.16185666562992,1.703019124926124
1120.0,3.1852206887176227,5071.0,16.30841403676516,1.1465573711352413
1120.0,3.1898713253798587,5072.0,17.133991970680622,0.8255779339154614
1120.0,3.194679279074693,5073.0,17.31856763720983,0.18457566652920931
1120.0,3.1994261026770663,5074.0,16.7947902700112,0.5237773671986297
1120.0,3.20400692353472,5075.0,16.240090153469364,0.5547001165418379
1120.0,3.208503805827558,5076.0,16.271708048192988,0.03161789472362386
1120.0,3.213130538699712,5077.0,17.18647817559053,0.9147701273975422
1120.0,3.218115515685056,5078.0,18.793816560953648,1.6073383853631178
1120.0,3.223606142503613,5079.0,20.770410853193457,1.9765942922398096
1120.0,3.2296481916165005,5080.0,22.66151896460677,1.8911081114133133
1120.0,3.23615334808266,5081.0,24.154556307077062,1.4930373424702914
1120.0,3.2430589337663713,5082.0,25.560401758503065,1.4058454514260035
1120.0,3.2503543915302675,5083.0,26.967102445409232,1.4067006869061665
1120.0,3.258028536802973,5084.0,28.256365400397307,1.2892629549880752
1120.0,3.2660400110132124,5085.0,29.409062620263235,1.152697219865928
1120.0,3.2743565162474737,5086.0,30.43170481247649,1.0226421922132545
1120.0,3.282923781966592,5087.0,31.23348654440412,0.8017817319276297
1120.0,3.2917114993054764,5088.0,32.07125094125426,0.8377643968501438
1120.0,3.3007765676284215,5089.0,33.21898630959344,1.1477353683391769
1120.0,3.3101329058363156,5090.0,34.00329254703079,0.7843062374373488
1120.0,3.3195776628587486,5091.0,33.925796981034296,0.0774955659964931
1120.0,3.328993613471171,5092.0,33.937212144516224,0.011415163481927948
1120.0,3.3384505622429637,5093.0,34.14047831300575,0.2032661684895274
1120.0,3.34793886514505,5094.0,34.12881999557916,0.011658317426594067
1120.0,3.3573805736814526,5095.0,33.76377909253398,0.3650409030451769
1120.0,3.3666604701120435,5096.0,33.038240684713244,0.7255384078207356
1120.0,3.3757716135862426,5097.0,32.663777839132536,0.37446284558070886
1120.0,3.3848250671939457,5098.0,32.44946331817014,0.21431452096239667
1120.0,3.3937206491521774,5099.0,31.489027928547667,0.9604353896224715
1120.0,3.4023318621563905,5100.0,30.611000125343125,0.8780278032045423
1120.0,3.4107470438439846,5101.0,29.862649393723196,0.7483507316199294
1120.0,3.4187990028395303,5102.0,27.89529450166495,1.9673548920582462
1120.0,3.4261717398529936,5103.0,25.160356253345032,2.734938248319917
1120.0,3.432822100280571,5104.0,22.870072451941162,2.29028380140387
1120.0,3.438954306014604,5105.0,21.431476142691693,1.4385963092494691
1120.0,3.4447987004365355,5106.0,20.732134424458934,0.699341718232759
1120.0,3.4504939735585807,5107.0,20.277449778824025,0.4546846456349094
1120.0,3.456071700520709,5108.0,19.903973626301717,0.3734761525223078
1120.0,3.46155908942802,5109.0,19.609855203041615,0.29411842326010174
1120.0,3.4669616943539627,5110.0,19.2645291019292,0.34532610111241624
1120.0,3.4722415583704196,5111.0,18.69199147615293,0.5725376257762704
1120.0,3.4772948466163673,5112.0,17.58605914564319,1.105932330509738
1120.0,3.4819651642554073,5113.0,15.99874255974747,1.5873165858957208
1120.0,3.4861944952501234,5114.0,14.537058686388663,1.4616838733588065
1120.0,3.4901058512418293,5115.0,13.75357159315217,0.7834870932364932
1120.0,3.4938939537944815,5116.0,13.595403074619382,0.15816851853278813
1120.0,3.497691657833841,5117.0,13.79255749103346,0.19715441641407772
1120.0,3.5015762651149025,5118.0,14.2087258757709,0.4161683847374409
1120.0,3.5056115918767943,5119.0,14.90019402972205,0.6914681539511491
1120.0,3.5098847450063477,5120.0,15.933877564885963,1.033683535163913
1120.0,3.5145210910386666,5121.0,17.572137317727144,1.638259752841181
1120.0,3.5197087761412424,5122.0,19.86874615236178,2.296608834634636
1120.0,3.525587644474251,5123.0,22.457547168581286,2.588801016219506
1120.0,3.532142473290385,5124.0,24.601581132984634,2.1440339644033486
1120.0,3.539228122798628,5125.0,26.405244850947298,1.8036637179626638
1120.0,3.5468056782613253,5126.0,28.123903011305945,1.7186581603586468
1120.0,3.5548177875849984,5127.0,29.471367161999375,1.3474641506934297
1120.0,3.5631269938695302,5128.0,30.2636254813231,0.7922583193237251
1120.0,3.571575568542251,5129.0,30.448499200030316,0.18487371870721603
1120.0,3.579956377080432,5130.0,29.76360503389951,0.6848941661308068
1120.0,3.5880723865439843,5131.0,28.664804025604845,1.0988010082946644
1120.0,3.5958985423958114,5132.0,27.694834175175032,0.9699698504298127
1120.0,3.6034579901033523,5133.0,26.694520792394606,1.0003133827804263
1120.0,3.6106680263657522,5134.0,25.042059599690607,1.6524611927039992
1120.0,3.617254224327127,5135.0,22.19798481534461,2.8440747843459953
1120.0,3.62294628244803,5136.0,18.77633593333243,3.4216488820121818
1120.0,3.6277224766647955,5137.0,15.736752812211666,3.0395831211207636
1120.0,3.6317757025849633,5138.0,13.617006848808975,2.119745963402691
1120.0,3.635372833033891,5139.0,12.410447639568982,1.2065592092399928
1120.0,3.6387271664788035,5140.0,11.816777969357402,0.5936696702115807
1120.0,3.6419657707160344,5141.0,11.52732309592775,0.28945487342965137
1120.0,3.6451336214254524,5142.0,11.265581302747721,0.261741793180029
1120.0,3.6482135703409524,5143.0,10.88527034305138,0.38031095969634165
1120.0,3.6511571126227502,5144.0,10.253917238820977,0.6313531042304028
1120.0,3.653881082757325,5145.0,9.308878553479413,0.9450386853415633
1120.0,3.656309622368385,5146.0,8.164868477451678,1.144010076027735
1120.0,3.658430833199316,5147.0,7.1619528768370095,1.002915600614669
1120.0,3.6603218560586317,5148.0,6.512503850084311,0.6494490267526984
1120.0,3.6620757925128307,5149.0,6.149002931111309,0.36350091897300185
1120.0,3.6637440497373235,5150.0,5.847725123819938,0.3012778072913713
1120.0,3.665308010011991,5151.0,5.393971582136026,0.4537535416839118
1120.0,3.6667393472804912,5152.0,4.921112304531171,0.47285927760485524
1120.0,3.6680506360820493,5153.0,4.539486524753067,0.38162577977810397
1120.0,3.6692724663553538,5154.0,4.277539964959837,0.26194655979322956
1120.0,3.6704342412417983,5155.0,4.086964084036064,0.19057588092377298
1120.0,3.6715378720014424,5156.0,3.841853106506782,0.24511097752928235
1120.0,3.6725566805505556,5157.0,3.470359125380274,0.3714939811265081
1120.0,3.673453683760222,5158.0,2.9688687756619423,0.5014903497183316
1120.0,3.674193445889482,5159.0,2.3358949975523076,0.6329737781096347
1120.0,3.6747461475004717,5160.0,1.6451531583969508,0.6907418391553568
1120.0,3.675113737183311,5161.0,1.0219670261406741,0.6231861322562766
1120.0,3.6753299662135657,5162.0,0.57196269253706,0.45000433360361414
1120.0,3.6754479840448635,5163.0,0.29587816227433456,0.27608453026272545
1120.0,3.675504382879572,5164.0,0.12839914888415999,0.16747901339017457
1120.0,3.675529605194289,5165.0,0.07215518064534124,0.05624396823881875
1120.0,3.6755553531248903,5166.0,0.13369968266681365,0.06154450202147241
1120.0,3.675618132285706,5167.0,0.3473582198187175,0.21365853715190386
1120.0,3.6757635272807976,5168.0,0.7258414574747992,0.3784832376560817
1120.0,3.6760356696949565,5169.0,1.2584094387804274,0.5325679813056282
1120.0,3.6764748276437076,5170.0,1.9200515631943798,0.6616421244139523
1120.0,3.67711314634223,5171.0,2.7023639514311992,0.7823123882368195
1120.0,3.6779890776544675,5172.0,3.6216730166026294,0.9193090651714302
1120.0,3.67912825578919,5173.0,4.56972948001733,0.9480564634147002
1120.0,3.680508698680253,5174.0,5.3073738963630985,0.7376444163457689
1120.0,3.6820163877874963,5175.0,5.391373187209259,0.08399929084616087
1120.0,3.6834122748528313,5176.0,4.511809662206494,0.8795635250027658
1120.0,3.6844693915326285,5177.0,3.0666592173536515,1.445150444852842
1120.0,3.685135678766784,5178.0,1.829344254299171,1.2373149630544806
1120.0,3.685547978768077,5179.0,1.2275764835621343,0.6017677707370366
1120.0,3.6858555233096606,5180.0,1.0340186954006851,0.1935577881614492
1120.0,3.686136924940036,5181.0,0.9976035508245422,0.03641514457614292
1120.0,3.6864014695682337,5182.0,0.8720475850149354,0.12555596580960682
1120.0,3.6866062983998615,5183.0,0.5971791157417048,0.2748684692732306
1120.0,3.6867330660404827,5184.0,0.3193055112506533,0.2778736044910515
1120.0,3.686787504336749,5185.0,0.08246007229631891,0.2368454389543344
1120.0,3.6867913219326884,5186.0,0.0,0.08246007229631891
1120.0,3.6867913219326884,5187.0,0.0,0.0
1120.0,3.6867913219326884,5188.0,0.0,0.0
1120.0,3.6867913219326884,5189.0,0.0,0.0
1120.0,3.6867913219326884,5190.0,0.0,0.0
1120.0,3.6867913219326884,5191.0,0.0,0.0
1120.0,3.6867913219326884,5192.0,0.0,0.0
1120.0,3.6867913219326884,5193.0,0.0,0.0
1120.0,3.6867913219326884,5194.0,0.0,0.0
1120.0,3.6867913219326884,5195.0,0.0,0.0
1120.0,3.6867913219326884,5196.0,0.0,0.0
1120.0,3.6867913219326884,5197.0,0.0,0.0
1120.0,3.6867913219326884,5198.0,0.0,0.0
1120.0,3.6867913219326884,5199.0,0.0,0.0
1120.0,3.6867913219326884,5200.0,0.0,0.0
1120.0,3.6867913219326884,5201.0,0.0,0.0
1120.0,3.6867913219326884,5202.0,0.0,0.0
1120.0,3.6868099606109563,5203.0,0.40604831978678635,0.40604831978678635
1120.0,3.687144686441602,5204.0,2.0857558480028793,1.679707528216093
1120.0,3.688004549801998,5205.0,4.151309030270905,2.065553182268026
1120.0,3.6894634944294156,5206.0,6.345938535196501,2.1946295049255955
1120.0,3.6915335696893887,5207.0,8.612695733454492,2.2667571982579915
1120.0,3.6942828867354427,5208.0,11.242043858280546,2.6293481248260537
1120.0,3.6978017252212796,5209.0,14.103935778206463,2.8618919199259167
1120.0,3.7020970584989867,5210.0,16.727027498551195,2.623091720344732
1120.0,3.707006588408953,5211.0,18.405016848810153,1.677989350258958
1120.0,3.712178284233573,5212.0,18.542622957622786,0.13760610881263347
1120.0,3.7171635419980222,5213.0,17.161000086175463,1.3816228714473233
1120.0,3.721640129933423,5214.0,14.987601624099849,2.173398462075614
1120.0,3.72546819931375,5215.0,12.570580161011794,2.417021463088055
1120.0,3.728628768864064,5216.0,10.20754326340521,2.363036897606584
1120.0,3.7311567936436627,5217.0,8.014097136143175,2.1934461272620354
1120.0,3.733090969891343,5218.0,5.955518244855785,2.0585788912873895
1120.0,3.7344810309647563,5219.0,4.079794198928117,1.8757240459276678
1120.0,3.7353929405034325,5220.0,2.572791001971815,1.507003196956302
1120.0,3.735964689839793,5221.0,1.6512426619517382,0.921548340020077
1120.0,3.7363763124700755,5222.0,1.4471487194854522,0.20409394246628598
1120.0,3.7368400521851353,5223.0,2.0048156306506413,0.5576669111651891
1120.0,3.737554440062031,5224.0,3.259213928710708,1.2543982980600665
1120.0,3.7387212853790444,5225.0,5.276019937436855,2.0168060087261472
1120.0,3.7405629027392417,5226.0,8.125101803323226,2.8490818658863706
1120.0,3.7433216554039412,5227.0,11.87224992386426,3.747148120541034
1120.0,3.747184708909904,5228.0,15.901603019755667,4.029353095891407
1120.0,3.7521054318531037,5229.0,19.45569140154295,3.554088381787283
1120.0,3.757997012466578,5230.0,22.98706354364393,3.531372142100981
1120.0,3.764867731877968,5231.0,26.400893041465082,3.413829497821151
1120.0,3.772598364641226,5232.0,29.159802455770492,2.7589094143054105
1120.0,3.78104832491028,5233.0,31.686045523631012,2.52624306786052
1120.0,3.7901742980991937,5234.0,33.862022457239014,2.175976933608002
1120.0,3.7997230192491362,5235.0,34.67686642680693,0.8148439695679173
1120.0,3.809387507438557,5236.0,34.91254338079931,0.23567695399238175
1120.0,3.8191252625769363,5237.0,35.19606724260049,0.2835238618011786
1120.0,3.828942652032515,5238.0,35.47683382504532,0.28076658244482644
1120.0,3.8387896444931577,5239.0,35.29843244623926,0.17840137880605766
1120.0,3.8485609313278912,5240.0,35.189690265246554,0.1087421809927065
1120.0,3.858445769917547,5241.0,36.14339687773713,0.9537066124905778
1120.0,3.8686619467002075,5242.0,37.33023761084106,1.186840733103928
1120.0,3.8791088025548657,5243.0,37.8250457801982,0.49480816935714245
1120.0,3.889700318528989,5244.0,38.50000152266831,0.6749557424701109
1120.0,3.9004379761372685,5245.0,38.51835823061267,0.018356707944356287
1120.0,3.9110074043896295,5246.0,37.71789576329979,0.800462467312876
1120.0,3.9215572993766963,5247.0,38.484800857859874,0.7669050945600802
1120.0,3.932435422075863,5248.0,39.72592643645056,1.2411255785906832
1120.0,3.9435744220731643,5249.0,40.4379504687545,0.712024032303944
1120.0,3.9549475722131877,5250.0,41.66320824867825,1.2252577799237514
1120.0,3.966817891082809,5251.0,43.82226483863033,2.1590565899520797
